{"cameraMode":{"drawMode":0,"name":"Shaded","section":"Shading Mode"},"sceneLighting":true,"audioPlay":false,"sceneViewState":{"showFog":true,"showMaterialUpdate":false,"showSkybox":true,"showFlares":true,"showImageEffects":true,"showParticleSystems":true},"in2DMode":false,"pivot":{"x":21.33998680114746,"y":103.1136245727539,"z":12.636445999145508},"rotation":{"x":0.15329879522323609,"y":0.013660349883139134,"z":-0.002045258181169629,"w":0.9881590008735657},"size":7.835277557373047,"orthographic":false}